# The name of an Arabic letter is a spoken thing: نُون is /nuːn/, and the name
# carries no meaning apart from that sound. So a letter name is written the way
# it is said, not letter by letter — noon, not nun.
#
# This also keeps letter names out of collision with ordinary English words.
# `nun` and `sin` are English words, and `sin_al_qiraah` is not an identifier
# to ship.
#
# The rule applies ONLY to the name of a letter. Every other term follows the
# derivation in sections 4 to 8: tajwid, not tajweed; haqiqi, not haqeeqi.
#
# letter	vocalized name	code	note
ا	أَلِف	alif	same in both systems
ب	بَاء	baa
ت	تَاء	taa	shares spelling with ط; identity is the letter/codepoint
ث	ثَاء	thaa
ج	جِيم	jeem
ح	حَاء	haa	shares spelling with ه; identity is the letter/codepoint
خ	خَاء	khaa
د	دَال	daal
ذ	ذَال	dhaal
ر	رَاء	raa
ز	زَاي	zaay
س	سِين	seen	sin is an English word
ش	شِين	sheen
ص	صَاد	saad
ض	ضَاد	daad
ط	طَاء	taa	shares spelling with ت; identity is the letter/codepoint
ظ	ظَاء	dhaa
ع	عَيْن	ayn
غ	غَيْن	ghayn
ف	فَاء	faa
ق	قَاف	qaaf
ك	كَاف	kaaf
ل	لَام	laam
م	مِيم	meem
ن	نُون	noon	nun is an English word
ه	هَاء	haa	shares spelling with ح; identity is the letter/codepoint
و	وَاو	waw	same in both systems
ي	يَاء	yaa
#
# These are written names, not unique letter identifiers (rule 023).
# Retain the Arabic letter or codepoint when identity matters:
# ت U+062A and ط U+0637 share taa; ح U+062D and ه U+0647 share haa.
# This does not allow two dictionary concepts to claim one identifier.
# No spelling changes are introduced; see the 2026-09-21 decision record.
