الرمز	الاسم في الملفات	المحارف	الفئة	ملاحظة على التسمية	الاسم الاصطلاحي في علم الضبط	الاسم حسب كتابتها باللغة العربية	الاسم بحسب ضبط المصحف	الرمز في المصحف كتابة	الغرض في ضبط المصحف	الاسم في يونيكود	ترجمة الاسم الاصطلاحي في علم الضبط	ترجمة الاسم حسب كتابتها باللغة العربية	ترجمة الاسم بحسب ضبط المصحف	الغرض في ضبط المصحف (إنجليزي)
فتحة	fatha	U+064E	حركة	الفتحة والكسرة شكل مرسوم واحد؛ الاسم يأتي من موقع الشكل من الحرف لا من رسمه	الفَتْحَة (وتُسمَّى قديمًا النَّصْبَة)	أَلِف مُضْجَعَة فَوْق الحَرْف	حَرَكَة الحَرْف — لَمْ تُفْرَد بِاسْم في مُقَدِّمَة المُصْحَف	ـَ	الفتحة علامة تدل على حركة الحرف بالفتح.	ARABIC FATHA	The fathah (classically also al-nasbah)	A reclining alif above the letter	The letter's vowel — not separately named in the mushaf's own introduction	The mark for the short vowel a on the letter.
كسرة	kasra	U+0650	حركة	انظر الفتحة	الكَسْرَة (وتُسمَّى قديمًا الخَفْضَة)	أَلِف مُضْجَعَة تَحْت الحَرْف	حَرَكَة الحَرْف — لَمْ تُفْرَد بِاسْم في مُقَدِّمَة المُصْحَف	ـِ	الكسرة علامة تدل على حركة الحرف بالكسر.	ARABIC KASRA	The kasrah (classically also al-khafdah)	A reclining alif below the letter	The letter's vowel — not separately named in the mushaf's own introduction	The mark for the short vowel i on the letter.
ضمة	damma	U+064F	حركة	تشترك مع تنوين الضم في الرسم كذلك	الضَّمَّة (وتُسمَّى قديمًا الرَّفْعَة)	وَاو صَغِيرَة فَوْق الحَرْف	حَرَكَة الحَرْف — لَمْ تُفْرَد بِاسْم في مُقَدِّمَة المُصْحَف	ـُ	الضمة علامة تدل على حركة الحرف بالضم.	ARABIC DAMMA	The dammah (classically also al-raf'ah)	A small waw above the letter	The letter's vowel — not separately named in the mushaf's own introduction	The mark for the short vowel u on the letter.
سكون	sukun	U+0652 و U+06E1	حركة	له ترميزان: القياسي وترميز المجمع	السُّكُون — رَأْس الخَاء المُهْمَلَة	رَأْس خَاء بِلَا نُقْطَة	رَأْس خَاء صَغِيرَة دُون نُقْطَة	ـْ	السكون علامة تدل على سكون الحرف وإظهاره.	ARABIC SUKUN · ARABIC SMALL HIGH DOTLESS HEAD OF KHAH	The sukun — the head of an undotted kha	The head of a kha without its dot	The head of a small kha without a dot	Marks a letter that carries no vowel and is articulated clearly.
شدة	shadda	U+0651	حركة	تُفصل عن حركتها إلى علامتين وإن رُسمتا معاً	الشَّدَّة — رَأْس الشِّين (من «شَدِيد»)	رَأْس شِين بِلَا نُقَط	الشَّدَّة الدَّالَّة على الإِدْغَام	ـّ	الشدة علامة تدل على تشديد الحرف، أي إدغام الأول الساكن في الثاني المتحرك حتى ينطقا حرفًا واحدًا مشددًا.	ARABIC SHADDA	The shaddah — the head of a shin (from shadid)	The head of a shin without its dots	The shaddah indicating assimilation	Marks a doubled letter: the first, vowelless, is merged into the second and the two are pronounced as one stressed letter.
تنوين فتح	fathatan	U+064B و U+08F0	تنوين	U+08F0 هو التنوين المفتوح، إملاء هذه الطبعة لا خطأ ترميز	تَنْوِين النَّصْب — الفَتْحَتَان	أَلِفَان مُضْجَعَتَان فَوْق الحَرْف	الحَرَكَتَان: تَرْكِيبًا أو تَتَابُعًا	ـً	تنوين الفتح علامة تدل على التنوين المنصوب. وتركيب الحركتين يدل على إظهار التنوين، وتتابعهما مع تشديد الحرف التالي يدل على الإدغام الكامل، وتتابعهما دون تشديد يدل على الإدغام الناقص أو الإخفاء.	ARABIC FATHATAN · ARABIC OPEN FATHATAN	Tanwin al-nasb — the double fathah	Two reclining alifs above the letter	The two marks: stacked or staggered	Marks the an tanwin. Stacked marks signal izhar; staggered marks with a shaddah on the next letter signal complete idgham, and without one, incomplete idgham or ikhfa.
تنوين كسر	kasratan	U+064D و U+08F2	تنوين	—	تَنْوِين الخَفْض — الكَسْرَتَان	أَلِفَان مُضْجَعَتَان تَحْت الحَرْف	الحَرَكَتَان: تَرْكِيبًا أو تَتَابُعًا	ـٍ	تنوين الكسر علامة تدل على التنوين المخفوض. وتركيب الحركتين يدل على إظهار التنوين، وتتابعهما مع تشديد الحرف التالي يدل على الإدغام الكامل، وتتابعهما دون تشديد يدل على الإدغام الناقص أو الإخفاء.	ARABIC KASRATAN · ARABIC OPEN KASRATAN	Tanwin al-khafd — the double kasrah	Two reclining alifs below the letter	The two marks: stacked or staggered	Marks the in tanwin. Stacked marks signal izhar; staggered marks with a shaddah on the next letter signal complete idgham, and without one, incomplete idgham or ikhfa.
تنوين ضم	dammatan	U+064C و U+08F1	تنوين	—	تَنْوِين الرَّفْع — الضَّمَّتَان	وَاوَان صَغِيرَتَان فَوْق الحَرْف	الحَرَكَتَان: تَرْكِيبًا أو تَتَابُعًا	ـٌ	تنوين الضم علامة تدل على التنوين المرفوع. وتركيب الحركتين يدل على إظهار التنوين، وتتابعهما مع تشديد الحرف التالي يدل على الإدغام الكامل، وتتابعهما دون تشديد يدل على الإدغام الناقص أو الإخفاء.	ARABIC DAMMATAN · ARABIC OPEN DAMMATAN	Tanwin al-raf' — the double dammah	Two small waws above the letter	The two marks: stacked or staggered	Marks the un tanwin. Stacked marks signal izhar; staggered marks with a shaddah on the next letter signal complete idgham, and without one, incomplete idgham or ikhfa.
نقطة	dot	—	نقط	النقط عندنا علامات لا حبر، وهذا اختيار مخطط لا دعوى لغوية	نَقْط الإِعْجَام — النُّقْطَة	نُقْطَة وَاحِدَة	لَمْ تُذْكَر في مُقَدِّمَة المُصْحَف	نُقْطَة وَاحِدَة	النقطة نقطة واحدة فوق الحرف أو تحته تميزه عن الحرف الذي يشاركه في الرسم، مثل الباء والنون والجيم والخاء والذال.	no codepoint (part of the letter itself)	I'jam pointing — the single dot	A single dot	Not discussed in the mushaf's introduction	One dot, above or below, distinguishing a letter from the others that share its skeleton (ijam): baa, noon, jeem, khaa, dhaal.
نقطتان	two-dots	—	نقط	تُرسم شكلاً واحداً لا شكلين	نَقْط الإِعْجَام — النُّقْطَتَان	نُقْطَتَان مُتَّصِلَتَان	لَمْ تُذْكَر في مُقَدِّمَة المُصْحَف	نُقْطَتَان	النقطتان نقطتان فوق الحرف أو تحته تميزانه عن الحرف الذي يشاركه في الرسم، مثل التاء والياء والقاف.	no codepoint (part of the letter itself)	I'jam pointing — the double dot	Two joined dots	Not discussed in the mushaf's introduction	Two dots, above or below, distinguishing a letter from the others that share its skeleton (ijam): taa, yaa, qaaf.
ثلاث نقاط	three-dots	—	نقط	تُرسم شكلاً واحداً	نَقْط الإِعْجَام — الثَّلَاث نُقَط	ثَلَاث نُقَط مُثَلَّثَة	لَمْ تُذْكَر في مُقَدِّمَة المُصْحَف	ثَلَاث نُقَط	الثلاث نقط ثلاث نقاط فوق الحرف تميزه عن الحرف الذي يشاركه في الرسم، مثل الثاء والشين.	no codepoint (part of the letter itself)	I'jam pointing — the triple dot	Three dots in a triangle	Not discussed in the mushaf's introduction	Three dots above the letter, distinguishing it from the others that share its skeleton (ijam): thaa, sheen.
همزة	hamza	U+0621 والكراسي و U+0654 و U+0655	إملائية	نفس الحبر يكون علامة إذا كان ضبطاً وحبراً إذا كان حرفاً	الهَمْزَة — رَأْس العَيْن	رَأْس عَيْن	لَمْ تُفْرَد بِاسْم في مُقَدِّمَة المُصْحَف	ء	الهمزة علامة تدل على همزة القطع المحققة.	ARABIC LETTER HAMZA · ARABIC HAMZA ABOVE · ARABIC HAMZA BELOW	The hamzah — the head of an 'ayn	The head of an 'ayn	Not separately named in the mushaf's introduction	Marks a fully realised hamzah (hamzat al-qat).
همزة الوصل	wasla	U+0671	إملائية	الرأس الصغير فوق الألف؛ هل الأولى تسميته رأس صاد؟	رَأْس الصَّاد (من «صِلَة») — عَلَامَة هَمْزَة الوَصْل	رَأْس صَاد فَوْق الأَلِف	رَأْس صَاد صَغِيرَة فَوْق أَلِف الوَصْل	ص صَغِيرَة فَوْق الأَلِف	همزة الوصل علامة تدل على سقوط الهمزة في الوصل.	ARABIC LETTER ALEF WASLA	The head of a sad (from silah) — the hamzat al-wasl sign	The head of a sad above the alif	The head of a small sad above the alif of wasl	Marks a connecting hamzah, dropped whenever the word is reached in continuation.
ألف خنجرية	small-alef	U+0670	إملائية	—	الأَلِف المَحْذُوفَة — أَلِف صَغِيرَة قَائِمَة	أَلِف صَغِيرَة قَائِمَة فَوْق الحَرْف	مِنَ الحُرُوف الصَّغِيرَة الدَّالَّة على المَتْرُوك مِنَ الرَّسْم	ا صَغِيرَة قَائِمَة	الألف المحذوفة علامة تدل على ألف محذوفة من الرسم واجبة النطق.	ARABIC LETTER SUPERSCRIPT ALEF	The omitted alif — a small upright alif	A small upright alif above the letter	One of the small letters marking what is omitted from the rasm	Restores an alif omitted from the Uthmani skeleton but obligatory in pronunciation.
مدة	maddah	U+0653 و U+06E4	إملائية	—	عَلَامَة المَدّ — المَدَّة	خَطّ مُتَمَوِّج مَمْدُود فَوْق الحَرْف	عَلَامَة المَدّ	خَطّ المَدّ	المدة علامة تدل على لزوم مد الحرف مدًّا زائدًا على المد الطبيعي.	ARABIC MADDAH ABOVE · ARABIC SMALL HIGH MADDA	The madd sign — the maddah	A wavy extended stroke above the letter	The madd sign	Marks that the letter is lengthened beyond the natural madd.
واو صغيرة	small-waw	U+06E5	إملائية	صلة هاء الضمير؛ هل الأدق تسميتها صلة الهاء؟	الوَاو الصَّغِيرَة — عَلَامَة صِلَة هَاء الضَّمِير	وَاو صَغِيرَة بَعْد الهَاء	الوَاو الصَّغِيرَة	و صَغِيرَة	الواو الصغيرة علامة تدل على صلة هاء الضمير المضمومة بواو لفظية في حال الوصل.	ARABIC SMALL WAW	The small waw — sign of silat ha al-damir	A small waw after the ha	The small waw	Marks the silah of the pronoun haa with dammah, pronounced as a waw in continuation.
ياء صغيرة	small-ya	U+06E6 و U+06E7	إملائية	مثل الواو الصغيرة	اليَاء الصَّغِيرَة — عَلَامَة صِلَة هَاء الضَّمِير	يَاء صَغِيرَة مَرْدُودَة بَعْد الهَاء	اليَاء الصَّغِيرَة المَرْدُودَة إِلى خَلْف	ي صَغِيرَة	الياء الصغيرة علامة تدل على صلة هاء الضمير المكسورة بياء لفظية في حال الوصل.	ARABIC SMALL YEH · ARABIC SMALL HIGH YEH	The small ya — sign of silat ha al-damir	A small back-turned ya after the ha	The small back-turned ya	Marks the silah of the pronoun haa with kasrah, pronounced as a yaa in continuation.
نون صغيرة	small-noon	U+06E8	إملائية	مرة واحدة في المصحف، وهي الوحيدة بلا فئة في السجل	النُّون الصَّغِيرَة — الحَرْف المُلْحَق بالرَّسْم	نُون صَغِيرَة فَوْق السَّطْر	مِنَ الحُرُوف الصَّغِيرَة الدَّالَّة على المَتْرُوك مِنَ الرَّسْم	ن صَغِيرَة	النون الصغيرة علامة تدل على نون محذوفة من الرسم واجبة النطق، وترد في موضع واحد (21:88).	ARABIC SMALL HIGH NOON	The small nun — a letter restored to the rasm	A small nun above the line	One of the small letters marking what is omitted from the rasm	Restores a noon omitted from the skeleton but obligatory in pronunciation, at one place only (21:88).
صفر مستدير	sifr-mustadir	U+06DF	ضبط	دلالته: لا يُنطق أبداً	الصِّفْر المُسْتَدِير	دَائِرَة صَغِيرَة خَالِيَة الوَسَط	دَائِرَة صَغِيرَة خَالِيَة الوَسَط	دَائِرَة صَغِيرَة	الصفر المستدير علامة تدل على زيادة الحرف في الرسم، ولذلك لا ينطق في الوصل ولا في الوقف.	ARABIC SMALL HIGH ROUNDED ZERO	The round zero (al-sifr al-mustadir)	A small circle, empty in the centre	A small circle empty in the centre	Marks a letter present in the skeleton but never pronounced — neither in continuation nor when stopping.
صفر مستطيل	sifr-mustatil	U+06E0	ضبط	دلالته: يُنطق وقفاً لا وصلاً. علامة أخرى بحكم آخر	الصِّفْر المُسْتَطِيل القَائِم	مُسْتَطِيل صَغِير قَائِم خَالِي الوَسَط	دَائِرَة قَائِمَة مُسْتَطِيلَة خَالِيَة الوَسَط	مُسْتَطِيل قَائِم صَغِير	الصفر المستطيل علامة تدل على زيادة الألف في الوصل دون الوقف، ولذلك تنطق عند الوقف عليها.	ARABIC SMALL HIGH UPRIGHT RECTANGULAR ZERO	The upright rectangular zero (al-sifr al-mustatil)	A small upright rectangle, empty in the centre	An upright rectangular circle empty in the centre	Marks an alif dropped in continuation but pronounced when stopping on it.
ميم الإقلاب	meem-iqlab	U+06E2 عليا و U+06ED سفلى	ضبط	الاسم لا يقول أي الصورتين؛ تُؤخذ من نص الكلمة	المِيم الصَّغِيرَة — عَلَامَة القَلْب	مِيم صَغِيرَة، عُلْيَا أو سُفْلَى	المِيم الصَّغِيرَة	م صَغِيرَة	الميم الصغيرة علامة تدل على قلب النون الساكنة أو التنوين ميمًا عند الباء.	ARABIC SMALL HIGH MEEM ISOLATED FORM · ARABIC SMALL LOW MEEM	The small mim — the iqlab sign	A small mim, above the line or below it	The small mim	Marks iqlab: a vowelless noon or tanwin pronounced as meem before baa.
وقف جائز	waqf-jaiz	U+06DA	وقف	رمزه الجيم؛ سميناه بالفعل لا بالحرف	الجِيم — عَلَامَة الوَقْف الجَائِز	جِيم	عَلَامَة الوَقْف الجَائِز جَوَازًا مُسْتَوِيَ الطَّرَفَيْن	ج	الوقف الجائز علامة تدل على أن الوقف جائز جوازًا مستوي الطرفين، فالوقف والوصل فيه سواء.	ARABIC SMALL HIGH JEEM	The jim — the permissible-stop sign	Jim	Sign of the permissible stop, both sides equal	A permissible stop, with stopping and continuing equally sound.
الوصل أولى	wasl-awla	U+06D6	وقف	رمزه الصاد (صلى). لا تسمّها باسم الحرف في الملفات	صلى — عَلَامَة الوَصْل أَوْلَى	صلى	عَلَامَة الوَقْف الجَائِز مَع كَوْن الوَصْل أَوْلَى	صلى	علامة الوصل أولى تدل على أن الوقف جائز والوصل أولى.	ARABIC SMALL HIGH LIGATURE SAD WITH LAM WITH ALEF MAKSURA	Sala — the sign for continuing being better	Sala	Sign of the permissible stop where continuing is better	A permissible stop, but continuing is the better choice.
الوقف أولى	waqf-awla	U+06D7	وقف	رمزه القاف (قلى)	قلى — عَلَامَة الوَقْف أَوْلَى	قلى	عَلَامَة الوَقْف الجَائِز مَع كَوْن الوَقْف أَوْلَى	قلى	علامة الوقف أولى تدل على أن الوقف جائز والوقف أولى.	ARABIC SMALL HIGH LIGATURE QAF WITH LAM WITH ALEF MAKSURA	Qala — the sign for stopping being better	Qala	Sign of the permissible stop where stopping is better	A permissible stop, and stopping is the better choice.
وقف لازم	waqf-lazim	U+06D8	وقف	رمزه الميم	المِيم — عَلَامَة الوَقْف اللَّازِم	مِيم	عَلَامَة الوَقْف اللَّازِم	م	الوقف اللازم علامة تدل على أن الوقف لازم، لأن وصل ما بعده بما قبله يوهم خلاف المعنى المراد.	ARABIC SMALL HIGH MEEM INITIAL FORM	The mim — the compulsory-stop sign	Mim	Sign of the compulsory stop	A compulsory stop: continuing across it would suggest a meaning other than the one intended.
معانقة	muanaqah	U+06DB	وقف	علامة واحدة تأتي في زوج؛ الاسم القديم في السجل waqf-taanuq	وَقْف المُعَانَقَة (ويُسمَّى وَقْف المُرَاقَبَة)	ثَلَاث نُقَط تَتَكَرَّر عَلَى كَلِمَتَيْن	عَلَامَة تَعَانُق الوَقْف	ثَلَاث نُقَط في مَوْضِعَيْن	وقف المعانقة علامة تدل على موضعين للوقف، إذا وقف القارئ على أحدهما لم يصح الوقف على الآخر.	ARABIC SMALL HIGH THREE DOTS	Waqf al-mu'anaqah (also called waqf al-muraqabah)	Three dots, repeated on two words	Sign of the embracing stop (ta'anuq al-waqf)	Two candidate stopping points: stopping at one makes stopping at the other not allowed.
وقف ممنوع	waqf-mamnu	U+06D9	وقف	مسجل وغير مفعل؛ صفر مرة في هذه الطبعة	لا — عَلَامَة الوَقْف المَمْنُوع	لا	لَمْ تَرِد في هذه الطَّبْعَة	لا	الوقف الممنوع علامة تدل على أن الوقف ممنوع، لأن الوقف على الموضع يفسد المعنى أو يقطع ما لا ينفصل عما بعده.	ARABIC SMALL HIGH LAM ALEF	La — the no-stop sign	La	Does not occur in this edition	A forbidden stop: stopping here would break the meaning or attach what follows to the wrong clause.
سكتة	saktah	U+06DC	علامة قراءة	نفس المحرف يسمى سين قراءة في موضعين آخرين	السِّين — عَلَامَة السَّكْت	سِين	السِّين فَوْق الحَرْف الأَخِير الدَّالَّة على السَّكْت	س	علامة السكتة علامة تدل على السكت، وهو وقفة يسيرة من غير تنفس ثم الوصل بما بعده.	ARABIC SMALL HIGH SEEN	The sin — the saktah sign	Sin	The sin above the final letter, indicating saktah	Marks a saktah: a brief pause without taking a breath, then continuing.
سين القراءة	seen-reading	U+06DC و U+06E3	علامة قراءة	الاسم من الموضع لا من الشكل	السِّين الدَّالَّة على وَجْه القِرَاءَة	سِين فَوْق الصَّاد أو تَحْتَهَا	السِّين فَوْق الصَّاد أو تَحْتَهَا	س	سين القراءة سين صغيرة فوق الصاد تدل على القراءة بالسين، وتحتها تدل على القراءة بالصاد.	ARABIC SMALL HIGH SEEN · ARABIC SMALL LOW SEEN	The sin indicating the mode of recitation	A sin above the sad or below it	The sin above the sad or below it	A small seen above a saad marks reading it as seen; below it, reading it as saad.
إمالة	imalah	U+06EA	علامة قراءة	موضع واحد	الإِمَالَة — النُّقْطَة تَحْت الحَرْف	نُقْطَة كَبِيرَة مَطْمُوسَة تَحْت الحَرْف	نُقْطَة كَبِيرَة مَطْمُوسَة الوَسَط تَحْت الحَرْف	نُقْطَة تَحْت الحَرْف	علامة الإمالة تدل على الإمالة الكبرى، وهي نطق الفتحة مائلة إلى الكسرة، وترد في رواية حفص في موضع واحد (11:41).	ARABIC EMPTY CENTRE LOW STOP	Al-imalah — the dot beneath the letter	A large filled dot below the letter	A large dot, filled in the centre, below the letter	Marks the major imalah: a fathah pronounced leaning toward kasrah. In the riwayah of Hafs it occurs at one place only (11:41).
إشمام	ishmam	U+06EC	علامة قراءة	نفس محرف التسهيل؛ الاسم من الموضع	الإِشْمَام	نُقْطَة كَبِيرَة مَطْمُوسَة فَوْق الحَرْف	النُّقْطَة المَذْكُورَة فَوْق آخِر المِيم	نُقْطَة فَوْق الحَرْف	علامة الإشمام تدل على الإشمام، وهو ضم الشفتين إشارة إلى الضمة المحذوفة من غير صوت.	ARABIC ROUNDED HIGH STOP WITH FILLED CENTRE	Al-ishmam	A large filled dot above the letter	The aforementioned dot above the final mim	Marks ishmam: the lips are rounded to hint at a dropped dammah, without any sound.
تسهيل	tashil	U+06EC	علامة قراءة	موضع واحد	التَّسْهِيل — الهَمْزَة بَيْنَ بَيْنَ	نُقْطَة كَبِيرَة مَطْمُوسَة مَكَان الهَمْزَة	النُّقْطَة دُون الحَرَكَة مَكَان الهَمْزَة	نُقْطَة مَكَان الهَمْزَة	علامة التسهيل تدل على تسهيل الهمزة بين بين، أي بينها وبين الألف.	ARABIC ROUNDED HIGH STOP WITH FILLED CENTRE	Al-tashil — the hamzah bayna bayna	A large filled dot in place of the hamzah	The dot without a vowel, in place of the hamzah	Marks tashil: the hamzah softened to a sound between a hamzah and an alif.
رمز السجدة	sajdah-sign	۩	مستقل	الاسم القديم في السجل sajdah	عَلَامَة مَوْضِع السَّجْدَة — المِحْرَاب	مِحْرَاب صَغِير	عَلَامَة مَوْضِع السَّجْدَة	مِحْرَاب	علامة السجدة علامة تدل على موضع السجود.	ARABIC PLACE OF SAJDAH	Sign of the place of prostration — the mihrab	A small mihrab (prayer niche)	Sign of the place of prostration	Marks the point at which the reader prostrates.
خط السجدة	sajdah-line	—	مستقل	يأتي مع الرمز دائماً	خَطّ مُوجِب السَّجْدَة	خَطّ أُفُقِيّ فَوْق الكَلِمَة	خَطّ أُفُقِيّ فَوْق الكَلِمَة الدَّالّ على مُوجِب السَّجْدَة	خَطّ أُفُقِيّ	خط السجدة خط فوق الكلمة يدل على أنها الكلمة الموجبة للسجدة.	no codepoint (a drawn rule, not a character)	The rule marking what makes prostration due	A horizontal rule above the word	A horizontal rule above the word marking what makes prostration due	Marks the word that makes prostration due.
رمز الربع	hizb	U+06DE	مستقل	اسم واحد يقف على الربع والحزب والجزء	عَلَامَة التَّحْزِيب	نَجْمَة مُثَمَّنَة	عَلَامَة بِدَايَة الأَجْزَاء والأَحْزَاب وأَنْصَافِها وأَرْبَاعِها	نَجْمَة	علامة التقسيم علامة تدل على بداية الأجزاء والأحزاب وأنصافها وأرباعها.	ARABIC START OF RUB EL HIZB	The tahzib (juz and hizb division) sign	An eight-pointed star ornament	Sign of the start of the ajza, ahzab, their halves and quarters	Marks the start of a juz, a hizb, or a half or quarter of one.
